Channel Title,Channel Username,ID,Message,Date,Media Path
Lobelia pharmacy and cosmetics,@lobelia4cosmetics,12450,"ENSURE 850GM
Price 3800 birr 
Telegram https://t.me/lobelia4cosmetics
MsgğŸ‘‰ Lobelia pharmacy and cosmetics 
â˜ï¸ call 0911562031/0911587703
Adress:- Infront of Bole Medhanialem high school 
Open Monday - Monday from 8am until midnight áŠ¨áˆ°áŠ - áŠ¥áˆµáŠ¨ áˆ°áŠÂ  áŠ¨áŒ§á‰± 2:00 áˆµá‹“á‰µ - áŠ¥áˆµáŠ¨ áˆáˆ½á‰± 6:00 áˆ°á‹“á‰µ
ğŸğŸğŸ á‹¨á‰µáˆ«áŠ•áˆµá–áˆ­á‰µ áŠ áˆ›áˆ«áŒ­ áŠ¨70 - 200 á‰¥áˆ­
For delivery option fees are from 70 birr - 200 birr",2024-10-12 07:39:31+00:00,photos\@lobelia4cosmetics_12450.jpg
Lobelia pharmacy and cosmetics,@lobelia4cosmetics,12449,"SIMILAC ADVANCE 
Price 3700 birr 
Telegram https://t.me/lobelia4cosmetics
MsgğŸ‘‰ Lobelia pharmacy and cosmetics 
â˜ï¸ call 0911562031/0911587703
Adress:- Infront of Bole Medhanialem high school 
Open Monday - Monday from 8am until midnight áŠ¨áˆ°áŠ - áŠ¥áˆµáŠ¨ áˆ°áŠÂ  áŠ¨áŒ§á‰± 2:00 áˆµá‹“á‰µ - áŠ¥áˆµáŠ¨ áˆáˆ½á‰± 6:00 áˆ°á‹“á‰µ
ğŸğŸğŸ á‹¨á‰µáˆ«áŠ•áˆµá–áˆ­á‰µ áŠ áˆ›áˆ«áŒ­ áŠ¨70 - 200 á‰¥áˆ­
For delivery option fees are from 70 birr - 200 birr",2024-10-12 07:39:31+00:00,photos\@lobelia4cosmetics_12449.jpg
Lobelia pharmacy and cosmetics,@lobelia4cosmetics,12448,"Baby D Drops 
Price 3500 birr 
Telegram https://t.me/lobelia4cosmetics
MsgğŸ‘‰ Lobelia pharmacy and cosmetics 
â˜ï¸ call 0911562031/0911587703
Adress:- Infront of Bole Medhanialem high school 
Open Monday - Monday from 8am until midnight áŠ¨áˆ°áŠ - áŠ¥áˆµáŠ¨ áˆ°áŠÂ  áŠ¨áŒ§á‰± 2:00 áˆµá‹“á‰µ - áŠ¥áˆµáŠ¨ áˆáˆ½á‰± 6:00 áˆ°á‹“á‰µ
ğŸğŸğŸ á‹¨á‰µáˆ«áŠ•áˆµá–áˆ­á‰µ áŠ áˆ›áˆ«áŒ­ áŠ¨70 - 200 á‰¥áˆ­
For delivery option fees are from 70 birr - 200 birr",2024-10-12 07:39:31+00:00,photos\@lobelia4cosmetics_12448.jpg
Lobelia pharmacy and cosmetics,@lobelia4cosmetics,12447,"WELL BABAY VITAMIN D DROP 400 IU
Price 3000 birr 
Telegram https://t.me/lobelia4cosmetics
MsgğŸ‘‰ Lobelia pharmacy and cosmetics 
â˜ï¸ call 0911562031/0911587703
Adress:- Infront of Bole Medhanialem high school 
Open Monday - Monday from 8am until midnight áŠ¨áˆ°áŠ - áŠ¥áˆµáŠ¨ áˆ°áŠÂ  áŠ¨áŒ§á‰± 2:00 áˆµá‹“á‰µ - áŠ¥áˆµáŠ¨ áˆáˆ½á‰± 6:00 áˆ°á‹“á‰µ
ğŸğŸğŸ á‹¨á‰µáˆ«áŠ•áˆµá–áˆ­á‰µ áŠ áˆ›áˆ«áŒ­ áŠ¨70 - 200 á‰¥áˆ­
For delivery option fees are from 70 birr - 200 birr",2024-10-12 07:39:31+00:00,photos\@lobelia4cosmetics_12447.jpg
Lobelia pharmacy and cosmetics,@lobelia4cosmetics,12446,"ALMOND 
Price 3500 birr 
Telegram https://t.me/lobelia4cosmetics
MsgğŸ‘‰ Lobelia pharmacy and cosmetics 
â˜ï¸ call 0911562031/0911587703
Adress:- Infront of Bole Medhanialem high school 
Open Monday - Monday from 8am until midnight áŠ¨áˆ°áŠ - áŠ¥áˆµáŠ¨ áˆ°áŠÂ  áŠ¨áŒ§á‰± 2:00 áˆµá‹“á‰µ - áŠ¥áˆµáŠ¨ áˆáˆ½á‰± 6:00 áˆ°á‹“á‰µ
ğŸğŸğŸ á‹¨á‰µáˆ«áŠ•áˆµá–áˆ­á‰µ áŠ áˆ›áˆ«áŒ­ áŠ¨70 - 200 á‰¥áˆ­
For delivery option fees are from 70 birr - 200 birr",2024-10-12 07:39:31+00:00,photos\@lobelia4cosmetics_12446.jpg
Lobelia pharmacy and cosmetics,@lobelia4cosmetics,12445,"KETO 
Price 3500 birr 
Telegram https://t.me/lobelia4cosmetics
MsgğŸ‘‰ Lobelia pharmacy and cosmetics 
â˜ï¸ call 0911562031/0911587703
Adress:- Infront of Bole Medhanialem high school 
Open Monday - Monday from 8am until midnight áŠ¨áˆ°áŠ - áŠ¥áˆµáŠ¨ áˆ°áŠÂ  áŠ¨áŒ§á‰± 2:00 áˆµá‹“á‰µ - áŠ¥áˆµáŠ¨ áˆáˆ½á‰± 6:00 áˆ°á‹“á‰µ
ğŸğŸğŸ á‹¨á‰µáˆ«áŠ•áˆµá–áˆ­á‰µ áŠ áˆ›áˆ«áŒ­ áŠ¨70 - 200 á‰¥áˆ­
For delivery option fees are from 70 birr - 200 birr",2024-10-12 07:39:31+00:00,photos\@lobelia4cosmetics_12445.jpg
Lobelia pharmacy and cosmetics,@lobelia4cosmetics,12444,"UNSALTED MIXED NUTS 
Price 3600 birr 
Telegram https://t.me/lobelia4cosmetics
MsgğŸ‘‰ Lobelia pharmacy and cosmetics 
â˜ï¸ call 0911562031/0911587703
Adress:- Infront of Bole Medhanialem high school 
Open Monday - Monday from 8am until midnight áŠ¨áˆ°áŠ - áŠ¥áˆµáŠ¨ áˆ°áŠÂ  áŠ¨áŒ§á‰± 2:00 áˆµá‹“á‰µ - áŠ¥áˆµáŠ¨ áˆáˆ½á‰± 6:00 áˆ°á‹“á‰µ
ğŸğŸğŸ á‹¨á‰µáˆ«áŠ•áˆµá–áˆ­á‰µ áŠ áˆ›áˆ«áŒ­ áŠ¨70 - 200 á‰¥áˆ­
For delivery option fees are from 70 birr - 200 birr",2024-10-12 07:39:31+00:00,photos\@lobelia4cosmetics_12444.jpg
Lobelia pharmacy and cosmetics,@lobelia4cosmetics,12443,"SALTED MIXED NUTS 
Price 3600 birr 
Telegram https://t.me/lobelia4cosmetics
MsgğŸ‘‰ Lobelia pharmacy and cosmetics 
â˜ï¸ call 0911562031/0911587703
Adress:- Infront of Bole Medhanialem high school 
Open Monday - Monday from 8am until midnight áŠ¨áˆ°áŠ - áŠ¥áˆµáŠ¨ áˆ°áŠÂ  áŠ¨áŒ§á‰± 2:00 áˆµá‹“á‰µ - áŠ¥áˆµáŠ¨ áˆáˆ½á‰± 6:00 áˆ°á‹“á‰µ
ğŸğŸğŸ á‹¨á‰µáˆ«áŠ•áˆµá–áˆ­á‰µ áŠ áˆ›áˆ«áŒ­ áŠ¨70 - 200 á‰¥áˆ­
For delivery option fees are from 70 birr - 200 birr",2024-10-12 07:39:30+00:00,photos\@lobelia4cosmetics_12443.jpg
Lobelia pharmacy and cosmetics,@lobelia4cosmetics,12442,"UNSALTED CASHEWS
Price 3600 birr 
Telegram https://t.me/lobelia4cosmetics
MsgğŸ‘‰ Lobelia pharmacy and cosmetics 
â˜ï¸ call 0911562031/0911587703
Adress:- Infront of Bole Medhanialem high school 
Open Monday - Monday from 8am until midnight áŠ¨áˆ°áŠ - áŠ¥áˆµáŠ¨ áˆ°áŠÂ  áŠ¨áŒ§á‰± 2:00 áˆµá‹“á‰µ - áŠ¥áˆµáŠ¨ áˆáˆ½á‰± 6:00 áˆ°á‹“á‰µ
ğŸğŸğŸ á‹¨á‰µáˆ«áŠ•áˆµá–áˆ­á‰µ áŠ áˆ›áˆ«áŒ­ áŠ¨70 - 200 á‰¥áˆ­
For delivery option fees are from 70 birr - 200 birr",2024-10-12 07:39:30+00:00,photos\@lobelia4cosmetics_12442.jpg
Lobelia pharmacy and cosmetics,@lobelia4cosmetics,12441,,2024-10-12 07:39:30+00:00,photos\@lobelia4cosmetics_12441.jpg
Lobelia pharmacy and cosmetics,@lobelia4cosmetics,12440,"SUAVE KIDS WASH 
Price 3200 birr 
Telegram https://t.me/lobelia4cosmetics
MsgğŸ‘‰ Lobelia pharmacy and cosmetics 
â˜ï¸ call 0911562031/0911587703
Adress:- Infront of Bole Medhanialem high school 
Open Monday - Monday from 8am until midnight áŠ¨áˆ°áŠ - áŠ¥áˆµáŠ¨ áˆ°áŠÂ  áŠ¨áŒ§á‰± 2:00 áˆµá‹“á‰µ - áŠ¥áˆµáŠ¨ áˆáˆ½á‰± 6:00 áˆ°á‹“á‰µ
ğŸğŸğŸ á‹¨á‰µáˆ«áŠ•áˆµá–áˆ­á‰µ áŠ áˆ›áˆ«áŒ­ áŠ¨70 - 200 á‰¥áˆ­
For delivery option fees are from 70 birr - 200 birr",2024-10-12 07:39:30+00:00,photos\@lobelia4cosmetics_12440.jpg
Lobelia pharmacy and cosmetics,@lobelia4cosmetics,12439,"QUAKER OATS 
Price 5000 birr 
Telegram https://t.me/lobelia4cosmetics
MsgğŸ‘‰ Lobelia pharmacy and cosmetics 
â˜ï¸ call 0911562031/0911587703
Adress:- Infront of Bole Medhanialem high school 
Open Monday - Monday from 8am until midnight áŠ¨áˆ°áŠ - áŠ¥áˆµáŠ¨ áˆ°áŠÂ  áŠ¨áŒ§á‰± 2:00 áˆµá‹“á‰µ - áŠ¥áˆµáŠ¨ áˆáˆ½á‰± 6:00 áˆ°á‹“á‰µ
ğŸğŸğŸ á‹¨á‰µáˆ«áŠ•áˆµá–áˆ­á‰µ áŠ áˆ›áˆ«áŒ­ áŠ¨70 - 200 á‰¥áˆ­
For delivery option fees are from 70 birr - 200 birr",2024-10-12 07:39:30+00:00,photos\@lobelia4cosmetics_12439.jpg
Lobelia pharmacy and cosmetics,@lobelia4cosmetics,12438,"AVENO KIDS SENSITIVE SKIN FACE AND BODY WASH 
Price 3600 birr 
Telegram https://t.me/lobelia4cosmetics
MsgğŸ‘‰ Lobelia pharmacy and cosmetics 
â˜ï¸ call 0911562031/0911587703
Adress:- Infront of Bole Medhanialem high school 
Open Monday - Monday from 8am until midnight áŠ¨áˆ°áŠ - áŠ¥áˆµáŠ¨ áˆ°áŠÂ  áŠ¨áŒ§á‰± 2:00 áˆµá‹“á‰µ - áŠ¥áˆµáŠ¨ áˆáˆ½á‰± 6:00 áˆ°á‹“á‰µ
ğŸğŸğŸ á‹¨á‰µáˆ«áŠ•áˆµá–áˆ­á‰µ áŠ áˆ›áˆ«áŒ­ áŠ¨70 - 200 á‰¥áˆ­
For delivery option fees are from 70 birr - 200 birr",2024-10-12 07:39:30+00:00,photos\@lobelia4cosmetics_12438.jpg
Lobelia pharmacy and cosmetics,@lobelia4cosmetics,12437,"AVENO BABY CALMING COMFORT BATH
Price 3600 birr 
Telegram https://t.me/lobelia4cosmetics
MsgğŸ‘‰ Lobelia pharmacy and cosmetics 
â˜ï¸ call 0911562031/0911587703
Adress:- Infront of Bole Medhanialem high school 
Open Monday - Monday from 8am until midnight áŠ¨áˆ°áŠ - áŠ¥áˆµáŠ¨ áˆ°áŠÂ  áŠ¨áŒ§á‰± 2:00 áˆµá‹“á‰µ - áŠ¥áˆµáŠ¨ áˆáˆ½á‰± 6:00 áˆ°á‹“á‰µ
ğŸğŸğŸ á‹¨á‰µáˆ«áŠ•áˆµá–áˆ­á‰µ áŠ áˆ›áˆ«áŒ­ áŠ¨70 - 200 á‰¥áˆ­
For delivery option fees are from 70 birr - 200 birr",2024-10-12 07:39:30+00:00,photos\@lobelia4cosmetics_12437.jpg
Lobelia pharmacy and cosmetics,@lobelia4cosmetics,12436,"AVENO ECZEMA 312GM
Price 5000 birr 
Telegram https://t.me/lobelia4cosmetics
MsgğŸ‘‰ Lobelia pharmacy and cosmetics 
â˜ï¸ call 0911562031/0911587703
Adress:- Infront of Bole Medhanialem high school 
Open Monday - Monday from 8am until midnight áŠ¨áˆ°áŠ - áŠ¥áˆµáŠ¨ áˆ°áŠÂ  áŠ¨áŒ§á‰± 2:00 áˆµá‹“á‰µ - áŠ¥áˆµáŠ¨ áˆáˆ½á‰± 6:00 áˆ°á‹“á‰µ
ğŸğŸğŸ á‹¨á‰µáˆ«áŠ•áˆµá–áˆ­á‰µ áŠ áˆ›áˆ«áŒ­ áŠ¨70 - 200 á‰¥áˆ­
For delivery option fees are from 70 birr - 200 birr",2024-10-12 07:39:30+00:00,photos\@lobelia4cosmetics_12436.jpg
Lobelia pharmacy and cosmetics,@lobelia4cosmetics,12435,"BEAUTY COLLAGEN 60 TABLETS 
Price 3500 birr 
Telegram https://t.me/lobelia4cosmetics
MsgğŸ‘‰ Lobelia pharmacy and cosmetics 
â˜ï¸ call 0911562031/0911587703
Adress:- Infront of Bole Medhanialem high school 
Open Monday - Monday from 8am until midnight áŠ¨áˆ°áŠ - áŠ¥áˆµáŠ¨ áˆ°áŠÂ  áŠ¨áŒ§á‰± 2:00 áˆµá‹“á‰µ - áŠ¥áˆµáŠ¨ áˆáˆ½á‰± 6:00 áˆ°á‹“á‰µ
ğŸğŸğŸ á‹¨á‰µáˆ«áŠ•áˆµá–áˆ­á‰µ áŠ áˆ›áˆ«áŒ­ áŠ¨70 - 200 á‰¥áˆ­
For delivery option fees are from 70 birr - 200 birr",2024-10-12 07:39:30+00:00,photos\@lobelia4cosmetics_12435.jpg
Lobelia pharmacy and cosmetics,@lobelia4cosmetics,12434,"SUDO CREAM 
Price 4000 birr 
Telegram https://t.me/lobelia4cosmetics
MsgğŸ‘‰ Lobelia pharmacy and cosmetics 
â˜ï¸ call 0911562031/0911587703
Adress:- Infront of Bole Medhanialem high school 
Open Monday - Monday from 8am until midnight áŠ¨áˆ°áŠ - áŠ¥áˆµáŠ¨ áˆ°áŠÂ  áŠ¨áŒ§á‰± 2:00 áˆµá‹“á‰µ - áŠ¥áˆµáŠ¨ áˆáˆ½á‰± 6:00 áˆ°á‹“á‰µ
ğŸğŸğŸ á‹¨á‰µáˆ«áŠ•áˆµá–áˆ­á‰µ áŠ áˆ›áˆ«áŒ­ áŠ¨70 - 200 á‰¥áˆ­
For delivery option fees are from 70 birr - 200 birr",2024-10-12 07:39:30+00:00,photos\@lobelia4cosmetics_12434.jpg
Lobelia pharmacy and cosmetics,@lobelia4cosmetics,12433,"GLYCOLIC ACID 
Price 4000 birr 
Telegram https://t.me/lobelia4cosmetics
MsgğŸ‘‰ Lobelia pharmacy and cosmetics 
â˜ï¸ call 0911562031/0911587703
Adress:- Infront of Bole Medhanialem high school 
Open Monday - Monday from 8am until midnight áŠ¨áˆ°áŠ - áŠ¥áˆµáŠ¨ áˆ°áŠÂ  áŠ¨áŒ§á‰± 2:00 áˆµá‹“á‰µ - áŠ¥áˆµáŠ¨ áˆáˆ½á‰± 6:00 áˆ°á‹“á‰µ
ğŸğŸğŸ á‹¨á‰µáˆ«áŠ•áˆµá–áˆ­á‰µ áŠ áˆ›áˆ«áŒ­ áŠ¨70 - 200 á‰¥áˆ­
For delivery option fees are from 70 birr - 200 birr",2024-10-12 07:39:30+00:00,photos\@lobelia4cosmetics_12433.jpg
Lobelia pharmacy and cosmetics,@lobelia4cosmetics,12432,"TUMS 100 CHEWABLE TABLETS 
Price 1800 birr 
Telegram https://t.me/lobelia4cosmetics
MsgğŸ‘‰ Lobelia pharmacy and cosmetics 
â˜ï¸ call 0911562031/0911587703
Adress:- Infront of Bole Medhanialem high school 
Open Monday - Monday from 8am until midnight áŠ¨áˆ°áŠ - áŠ¥áˆµáŠ¨ áˆ°áŠÂ  áŠ¨áŒ§á‰± 2:00 áˆµá‹“á‰µ - áŠ¥áˆµáŠ¨ áˆáˆ½á‰± 6:00 áˆ°á‹“á‰µ
ğŸğŸğŸ á‹¨á‰µáˆ«áŠ•áˆµá–áˆ­á‰µ áŠ áˆ›áˆ«áŒ­ áŠ¨70 - 200 á‰¥áˆ­
For delivery option fees are from 70 birr - 200 birr",2024-10-12 07:39:30+00:00,photos\@lobelia4cosmetics_12432.jpg
Lobelia pharmacy and cosmetics,@lobelia4cosmetics,12431,"GREEN TEA
Price 3500 birr 
Telegram https://t.me/lobelia4cosmetics
MsgğŸ‘‰ Lobelia pharmacy and cosmetics 
â˜ï¸ call 0911562031/0911587703
Adress:- Infront of Bole Medhanialem high school 
Open Monday - Monday from 8am until midnight áŠ¨áˆ°áŠ - áŠ¥áˆµáŠ¨ áˆ°áŠÂ  áŠ¨áŒ§á‰± 2:00 áˆµá‹“á‰µ - áŠ¥áˆµáŠ¨ áˆáˆ½á‰± 6:00 áˆ°á‹“á‰µ
ğŸğŸğŸ á‹¨á‰µáˆ«áŠ•áˆµá–áˆ­á‰µ áŠ áˆ›áˆ«áŒ­ áŠ¨70 - 200 á‰¥áˆ­
For delivery option fees are from 70 birr - 200 birr",2024-10-12 07:39:30+00:00,photos\@lobelia4cosmetics_12431.jpg
